CREATE DATABASE platziblog DEFAULT CHARACTER SET utf8;
USE platziblog;

-- CREAR TABLAS ---
CREATE TABLE people (
person_id INT PRIMARY KEY AUTO_INCREMENT,
last_name VARCHAR(255) NULL,
first_name VARCHAR(255) NULL,
address VARCHAR(255) NULL,
city VARCHAR(255) NULL
);


CREATE TABLE categorias(
id INT PRIMARY KEY NOT NULL AUTO_INCREMENT,
nombre_categoria VARCHAR(30) NOT NULL
);

CREATE TABLE etiquetas(
id INT PRIMARY KEY NOT NULL AUTO_INCREMENT,
nombre_etiqueta VARCHAR(30) NOT NULL
);


CREATE TABLE usuarios(
id INT PRIMARY KEY NOT NULL AUTO_INCREMENT,
login VARCHAR(30) NOT NULL,
password VARCHAR(32) NOT NULL,
nickname VARCHAR(40) NOT NULL,
email VARCHAR(40) UNIQUE NOT NULL
);



CREATE TABLE `platziblog`.`posts` (
  `id` INT NOT NULL AUTO_INCREMENT,
  `titulo` VARCHAR(130) NOT NULL,
  `fecha_publicacion` TIMESTAMP NULL,
  `contenido` TEXT NOT NULL,
  `estatus` CHAR(8) NULL DEFAULT 'activo',
  `usuario_id` INT NOT NULL,
  `categoria_id` INT NOT NULL,
  PRIMARY KEY (`id`),
  INDEX `posts_usuarios_idx` (`usuario_id` ASC),
  INDEX `posts_categorias_idx` (`categoria_id` ASC),
  CONSTRAINT `posts_usuarios`
    FOREIGN KEY (`usuario_id`)
    REFERENCES `platziblog`.`usuarios` (`id`)
    ON DELETE NO ACTION
    ON UPDATE CASCADE,
  CONSTRAINT `posts_categorias`
    FOREIGN KEY (`categoria_id`)
    REFERENCES `platziblog`.`categorias` (`id`)
    ON DELETE NO ACTION
    ON UPDATE NO ACTION);



CREATE TABLE `platziblog`.`comentarios` (
  `id` INT NOT NULL AUTO_INCREMENT,
  `cuerpo_comentario` TEXT NOT NULL,
  `usuario_id` INT NOT NULL,
  `post_id` INT NOT NULL,
  PRIMARY KEY (`id`),
  INDEX `comentarios_usuarios_idx` (`usuario_id` ASC),
  INDEX `comentarios_post_idx` (`post_id` ASC),
  CONSTRAINT `comentarios_usuarios`
    FOREIGN KEY (`usuario_id`)
    REFERENCES `platziblog`.`usuarios` (`id`)
    ON DELETE NO ACTION
    ON UPDATE NO ACTION,
  CONSTRAINT `comentarios_post`
    FOREIGN KEY (`post_id`)
    REFERENCES `platziblog`.`post` (`id`)
    ON DELETE NO ACTION
    ON UPDATE NO ACTION);



CREATE TABLE `platziblog`.`posts_etiquetas` (
  `id` INT NOT NULL AUTO_INCREMENT,
  `post_id` INT NOT NULL,
  `etiqueta_id` INT NOT NULL,
  PRIMARY KEY (`id`),
  INDEX `post_etiquetas_idx` (`post_id` ASC),
  INDEX `postetiquetas_etiquetas_idx` (`etiqueta_id` ASC),
  CONSTRAINT `poststiquetas_post`
    FOREIGN KEY (`post_id`)
    REFERENCES `platziblog`.`post` (`id`)
    ON DELETE NO ACTION
    ON UPDATE NO ACTION,
  CONSTRAINT `postetiquetas_etiquetas`
    FOREIGN KEY (`etiqueta_id`)
    REFERENCES `platziblog`.`etiquets` (`id`)
    ON DELETE NO ACTION
    ON UPDATE NO ACTION);




-- Datos de prueba

-- Usuarios
INSERT INTO platziblog.usuarios (`id`,`login`,`password`,`nickname`,`email`) VALUES (1,'israel','jc8209*(^GCHN_(hcLA','Israel','israel@platziblog.com');
INSERT INTO platziblog.usuarios (`id`,`login`,`password`,`nickname`,`email`) VALUES (2,'monica','(*&^LKJDHC_(*#YDLKJHODG','Moni','monica@platziblog.com');
INSERT INTO platziblog.usuarios (`id`,`login`,`password`,`nickname`,`email`) VALUES (3,'laura','LKDJ)_*(-c.M:\"[pOwHDˆåßƒ∂','Lau','laura@platziblog.com');
INSERT INTO platziblog.usuarios (`id`,`login`,`password`,`nickname`,`email`) VALUES (4,'edgar','LLiy)CX*Y:M<A<SC_(*N>O','Ed','edgar@platziblog.com');
INSERT INTO platziblog.usuarios (`id`,`login`,`password`,`nickname`,`email`) VALUES (5,'perezoso','&N_*JS)_Y)*(&TGOKS','Oso Pérez','perezoso@platziblog.com');

-- Categorías
INSERT INTO platziblog.categorias (`id`,`nombre_categoria`) VALUES (1,'Ciencia');
INSERT INTO platziblog.categorias (`id`,`nombre_categoria`) VALUES (2,'Tecnología');
INSERT INTO platziblog.categorias (`id`,`nombre_categoria`) VALUES (3,'Deportes');
INSERT INTO platziblog.categorias (`id`,`nombre_categoria`) VALUES (4,'Espectáculos');
INSERT INTO platziblog.categorias (`id`,`nombre_categoria`) VALUES (5,'Economía');

-- Etiquetas
INSERT INTO platziblog.etiquetas (`id`,`nombre_etiqueta`) VALUES (1,'Robótica');
INSERT INTO platziblog.etiquetas(`id`,`nombre_etiqueta`) VALUES (2,'Computación');
INSERT INTO platziblog.etiquetas (`id`,`nombre_etiqueta`) VALUES (3,'Teléfonos Móviles');
INSERT INTO platziblog.etiquetas (`id`,`nombre_etiqueta`) VALUES (4,'Automovilismo');
INSERT INTO platziblog.etiquetas (`id`,`nombre_etiqueta`) VALUES (5,'Campeonatos');
INSERT INTO platziblog.etiquetas (`id`,`nombre_etiqueta`) VALUES (6,'Equipos');
INSERT INTO platziblog.etiquetas(`id`,`nombre_etiqueta`) VALUES (7,'Bolsa de valores');
INSERT INTO platziblog.etiquetas (`id`,`nombre_etiqueta`) VALUES (8,'Inversiones');
INSERT INTO platziblog.etiquetas (`id`,`nombre_etiqueta`) VALUES (9,'Brokers');
INSERT INTO platziblog.etiquetas (`id`,`nombre_etiqueta`) VALUES (10,'Celebridades');
INSERT INTO platziblog.etiquetas (`id`,`nombre_etiqueta`) VALUES (11,'Eventos');
INSERT INTO platziblog.etiquetas (`id`,`nombre_etiqueta`) VALUES (12,'Moda');
INSERT INTO platziblog.etiquetas (`id`,`nombre_etiqueta`) VALUES (13,'Avances');
INSERT INTO platziblog.etiquetas (`id`,`nombre_etiqueta`) VALUES (14,'Nobel');
INSERT INTO platziblog.etiquetas (`id`,`nombre_etiqueta`) VALUES (15,'Matemáticas');
INSERT INTO platziblog.etiquetas (`id`,`nombre_etiqueta`) VALUES (16,'Química');
INSERT INTO platziblog.etiquetas (`id`,`nombre_etiqueta`) VALUES (17,'Física');
INSERT INTO platziblog.etiquetas (`id`,`nombre_etiqueta`) VALUES (18,'Largo plazo');
INSERT INTO platziblog.etiquetas (`id`,`nombre_etiqueta`) VALUES (19,'Bienes Raíces');
INSERT INTO platziblog.etiquetas (`id`,`nombre_etiqueta`) VALUES (20,'Estilo');

-- Posts
INSERT INTO platziblog.posts (`id`,`titulo`,`fecha_publicacion`,`contenido`,`estatus`,`usuario_id`,`categoria_id`) VALUES (43,'Se presenta el nuevo teléfono móvil en evento','2030-04-05 00:00:00','Phasellus laoreet eros nec vestibulum varius. Nunc id efficitur lacus, non imperdiet quam. Aliquam porta, tellus at porta semper, felis velit congue mauris, eu pharetra felis sem vitae tortor. Curabitur bibendum vehicula dolor, nec accumsan tortor ultrices ac. Vivamus nec tristique orci. Nullam fringilla eros magna, vitae imperdiet nisl mattis et. Ut quis malesuada felis. Proin at dictum eros, eget sodales libero. Sed egestas tristique nisi et tempor. Ut cursus sapien eu pellentesque posuere. Etiam eleifend varius cursus.\n\nNullam viverra quam porta orci efficitur imperdiet. Quisque magna erat, dignissim nec velit sit amet, hendrerit mollis mauris. Mauris sapien magna, consectetur et vulputate a, iaculis eget nisi. Nunc est diam, aliquam quis turpis ac, porta mattis neque. Quisque consequat dolor sit amet velit commodo sagittis. Donec commodo pulvinar odio, ut gravida velit pellentesque vitae. Class aptent taciti sociosqu ad litora torquent per conubia nostra, per inceptos himenaeos.\n\nMorbi vulputate ante quis elit pretium, ut blandit felis aliquet. Aenean a massa a leo tristique malesuada. Curabitur posuere, elit sed consectetur blandit, massa mauris tristique ante, in faucibus elit justo quis nisi. Ut viverra est et arcu egestas fringilla. Mauris condimentum, lorem id viverra placerat, libero lacus ultricies est, id volutpat metus sapien non justo. Nulla facilisis, sapien ut vehicula tristique, mauris lectus porta massa, sit amet malesuada dolor justo id lectus. Suspendisse sit amet tempor ligula. Nam sit amet nisl non magna lacinia finibus eget nec augue. Aliquam ornare cursus dapibus. Lorem ipsum dolor sit amet, consectetur adipiscing elit.\n\nDonec ornare sem eget massa pharetra rhoncus. Donec tempor sapien at posuere porttitor. Morbi sodales efficitur felis eu scelerisque. Quisque ultrices nunc ut dignissim vehicula. Donec id imperdiet orci, sed porttitor turpis. Etiam volutpat elit sed justo lobortis, tincidunt imperdiet velit pretium. Ut convallis elit sapien, ac egestas ipsum finibus a. Morbi sed odio et dui tincidunt rhoncus tempor id turpis.\n\nProin fringilla consequat imperdiet. Ut accumsan velit ac augue sollicitudin porta. Phasellus finibus porttitor felis, a feugiat purus tempus vel. Etiam vitae vehicula ex. Praesent ut tellus tellus. Fusce felis nunc, congue ac leo in, elementum vulputate nisi. Duis diam nulla, consequat ac mauris quis, viverra gravida urna.','activo',1,2);
INSERT INTO platziblog.posts (`id`,`titulo`,`fecha_publicacion`,`contenido`,`estatus`,`usuario_id`,`categoria_id`) VALUES (44,'Tenemos un nuevo auto inteligente','2025-05-04 00:00:00','Phasellus laoreet eros nec vestibulum varius. Nunc id efficitur lacus, non imperdiet quam. Aliquam porta, tellus at porta semper, felis velit congue mauris, eu pharetra felis sem vitae tortor. Curabitur bibendum vehicula dolor, nec accumsan tortor ultrices ac. Vivamus nec tristique orci. Nullam fringilla eros magna, vitae imperdiet nisl mattis et. Ut quis malesuada felis. Proin at dictum eros, eget sodales libero. Sed egestas tristique nisi et tempor. Ut cursus sapien eu pellentesque posuere. Etiam eleifend varius cursus.\n\nNullam viverra quam porta orci efficitur imperdiet. Quisque magna erat, dignissim nec velit sit amet, hendrerit mollis mauris. Mauris sapien magna, consectetur et vulputate a, iaculis eget nisi. Nunc est diam, aliquam quis turpis ac, porta mattis neque. Quisque consequat dolor sit amet velit commodo sagittis. Donec commodo pulvinar odio, ut gravida velit pellentesque vitae. Class aptent taciti sociosqu ad litora torquent per conubia nostra, per inceptos himenaeos.\n\nMorbi vulputate ante quis elit pretium, ut blandit felis aliquet. Aenean a massa a leo tristique malesuada. Curabitur posuere, elit sed consectetur blandit, massa mauris tristique ante, in faucibus elit justo quis nisi. Ut viverra est et arcu egestas fringilla. Mauris condimentum, lorem id viverra placerat, libero lacus ultricies est, id volutpat metus sapien non justo. Nulla facilisis, sapien ut vehicula tristique, mauris lectus porta massa, sit amet malesuada dolor justo id lectus. Suspendisse sit amet tempor ligula. Nam sit amet nisl non magna lacinia finibus eget nec augue. Aliquam ornare cursus dapibus. Lorem ipsum dolor sit amet, consectetur adipiscing elit.\n\nDonec ornare sem eget massa pharetra rhoncus. Donec tempor sapien at posuere porttitor. Morbi sodales efficitur felis eu scelerisque. Quisque ultrices nunc ut dignissim vehicula. Donec id imperdiet orci, sed porttitor turpis. Etiam volutpat elit sed justo lobortis, tincidunt imperdiet velit pretium. Ut convallis elit sapien, ac egestas ipsum finibus a. Morbi sed odio et dui tincidunt rhoncus tempor id turpis.\n\nProin fringilla consequat imperdiet. Ut accumsan velit ac augue sollicitudin porta. Phasellus finibus porttitor felis, a feugiat purus tempus vel. Etiam vitae vehicula ex. Praesent ut tellus tellus. Fusce felis nunc, congue ac leo in, elementum vulputate nisi. Duis diam nulla, consequat ac mauris quis, viverra gravida urna.','activo',2,2);
INSERT INTO platziblog.posts (`id`,`titulo`,`fecha_publicacion`,`contenido`,`estatus`,`usuario_id`,`categoria_id`) VALUES (45,'Ganador del premio Nobel por trabajo en genética','2023-12-22 00:00:00','Phasellus laoreet eros nec vestibulum varius. Nunc id efficitur lacus, non imperdiet quam. Aliquam porta, tellus at porta semper, felis velit congue mauris, eu pharetra felis sem vitae tortor. Curabitur bibendum vehicula dolor, nec accumsan tortor ultrices ac. Vivamus nec tristique orci. Nullam fringilla eros magna, vitae imperdiet nisl mattis et. Ut quis malesuada felis. Proin at dictum eros, eget sodales libero. Sed egestas tristique nisi et tempor. Ut cursus sapien eu pellentesque posuere. Etiam eleifend varius cursus.\n\nNullam viverra quam porta orci efficitur imperdiet. Quisque magna erat, dignissim nec velit sit amet, hendrerit mollis mauris. Mauris sapien magna, consectetur et vulputate a, iaculis eget nisi. Nunc est diam, aliquam quis turpis ac, porta mattis neque. Quisque consequat dolor sit amet velit commodo sagittis. Donec commodo pulvinar odio, ut gravida velit pellentesque vitae. Class aptent taciti sociosqu ad litora torquent per conubia nostra, per inceptos himenaeos.\n\nMorbi vulputate ante quis elit pretium, ut blandit felis aliquet. Aenean a massa a leo tristique malesuada. Curabitur posuere, elit sed consectetur blandit, massa mauris tristique ante, in faucibus elit justo quis nisi. Ut viverra est et arcu egestas fringilla. Mauris condimentum, lorem id viverra placerat, libero lacus ultricies est, id volutpat metus sapien non justo. Nulla facilisis, sapien ut vehicula tristique, mauris lectus porta massa, sit amet malesuada dolor justo id lectus. Suspendisse sit amet tempor ligula. Nam sit amet nisl non magna lacinia finibus eget nec augue. Aliquam ornare cursus dapibus. Lorem ipsum dolor sit amet, consectetur adipiscing elit.\n\nDonec ornare sem eget massa pharetra rhoncus. Donec tempor sapien at posuere porttitor. Morbi sodales efficitur felis eu scelerisque. Quisque ultrices nunc ut dignissim vehicula. Donec id imperdiet orci, sed porttitor turpis. Etiam volutpat elit sed justo lobortis, tincidunt imperdiet velit pretium. Ut convallis elit sapien, ac egestas ipsum finibus a. Morbi sed odio et dui tincidunt rhoncus tempor id turpis.\n\nProin fringilla consequat imperdiet. Ut accumsan velit ac augue sollicitudin porta. Phasellus finibus porttitor felis, a feugiat purus tempus vel. Etiam vitae vehicula ex. Praesent ut tellus tellus. Fusce felis nunc, congue ac leo in, elementum vulputate nisi. Duis diam nulla, consequat ac mauris quis, viverra gravida urna.','activo',3,1);
INSERT INTO platziblog.posts (`id`,`titulo`,`fecha_publicacion`,`contenido`,`estatus`,`usuario_id`,`categoria_id`) VALUES (46,'Los mejores vestidos en la alfombra roja','2021-12-22 00:00:00','Phasellus laoreet eros nec vestibulum varius. Nunc id efficitur lacus, non imperdiet quam. Aliquam porta, tellus at porta semper, felis velit congue mauris, eu pharetra felis sem vitae tortor. Curabitur bibendum vehicula dolor, nec accumsan tortor ultrices ac. Vivamus nec tristique orci. Nullam fringilla eros magna, vitae imperdiet nisl mattis et. Ut quis malesuada felis. Proin at dictum eros, eget sodales libero. Sed egestas tristique nisi et tempor. Ut cursus sapien eu pellentesque posuere. Etiam eleifend varius cursus.\n\nNullam viverra quam porta orci efficitur imperdiet. Quisque magna erat, dignissim nec velit sit amet, hendrerit mollis mauris. Mauris sapien magna, consectetur et vulputate a, iaculis eget nisi. Nunc est diam, aliquam quis turpis ac, porta mattis neque. Quisque consequat dolor sit amet velit commodo sagittis. Donec commodo pulvinar odio, ut gravida velit pellentesque vitae. Class aptent taciti sociosqu ad litora torquent per conubia nostra, per inceptos himenaeos.\n\nMorbi vulputate ante quis elit pretium, ut blandit felis aliquet. Aenean a massa a leo tristique malesuada. Curabitur posuere, elit sed consectetur blandit, massa mauris tristique ante, in faucibus elit justo quis nisi. Ut viverra est et arcu egestas fringilla. Mauris condimentum, lorem id viverra placerat, libero lacus ultricies est, id volutpat metus sapien non justo. Nulla facilisis, sapien ut vehicula tristique, mauris lectus porta massa, sit amet malesuada dolor justo id lectus. Suspendisse sit amet tempor ligula. Nam sit amet nisl non magna lacinia finibus eget nec augue. Aliquam ornare cursus dapibus. Lorem ipsum dolor sit amet, consectetur adipiscing elit.\n\nDonec ornare sem eget massa pharetra rhoncus. Donec tempor sapien at posuere porttitor. Morbi sodales efficitur felis eu scelerisque. Quisque ultrices nunc ut dignissim vehicula. Donec id imperdiet orci, sed porttitor turpis. Etiam volutpat elit sed justo lobortis, tincidunt imperdiet velit pretium. Ut convallis elit sapien, ac egestas ipsum finibus a. Morbi sed odio et dui tincidunt rhoncus tempor id turpis.\n\nProin fringilla consequat imperdiet. Ut accumsan velit ac augue sollicitudin porta. Phasellus finibus porttitor felis, a feugiat purus tempus vel. Etiam vitae vehicula ex. Praesent ut tellus tellus. Fusce felis nunc, congue ac leo in, elementum vulputate nisi. Duis diam nulla, consequat ac mauris quis, viverra gravida urna.','activo',4,4);
INSERT INTO platziblog.posts (`id`,`titulo`,`fecha_publicacion`,`contenido`,`estatus`,`usuario_id`,`categoria_id`) VALUES (47,'Los paparatzi captan escándalo en cámara','2025-01-09 00:00:00','Phasellus laoreet eros nec vestibulum varius. Nunc id efficitur lacus, non imperdiet quam. Aliquam porta, tellus at porta semper, felis velit congue mauris, eu pharetra felis sem vitae tortor. Curabitur bibendum vehicula dolor, nec accumsan tortor ultrices ac. Vivamus nec tristique orci. Nullam fringilla eros magna, vitae imperdiet nisl mattis et. Ut quis malesuada felis. Proin at dictum eros, eget sodales libero. Sed egestas tristique nisi et tempor. Ut cursus sapien eu pellentesque posuere. Etiam eleifend varius cursus.\n\nNullam viverra quam porta orci efficitur imperdiet. Quisque magna erat, dignissim nec velit sit amet, hendrerit mollis mauris. Mauris sapien magna, consectetur et vulputate a, iaculis eget nisi. Nunc est diam, aliquam quis turpis ac, porta mattis neque. Quisque consequat dolor sit amet velit commodo sagittis. Donec commodo pulvinar odio, ut gravida velit pellentesque vitae. Class aptent taciti sociosqu ad litora torquent per conubia nostra, per inceptos himenaeos.\n\nMorbi vulputate ante quis elit pretium, ut blandit felis aliquet. Aenean a massa a leo tristique malesuada. Curabitur posuere, elit sed consectetur blandit, massa mauris tristique ante, in faucibus elit justo quis nisi. Ut viverra est et arcu egestas fringilla. Mauris condimentum, lorem id viverra placerat, libero lacus ultricies est, id volutpat metus sapien non justo. Nulla facilisis, sapien ut vehicula tristique, mauris lectus porta massa, sit amet malesuada dolor justo id lectus. Suspendisse sit amet tempor ligula. Nam sit amet nisl non magna lacinia finibus eget nec augue. Aliquam ornare cursus dapibus. Lorem ipsum dolor sit amet, consectetur adipiscing elit.\n\nDonec ornare sem eget massa pharetra rhoncus. Donec tempor sapien at posuere porttitor. Morbi sodales efficitur felis eu scelerisque. Quisque ultrices nunc ut dignissim vehicula. Donec id imperdiet orci, sed porttitor turpis. Etiam volutpat elit sed justo lobortis, tincidunt imperdiet velit pretium. Ut convallis elit sapien, ac egestas ipsum finibus a. Morbi sed odio et dui tincidunt rhoncus tempor id turpis.\n\nProin fringilla consequat imperdiet. Ut accumsan velit ac augue sollicitudin porta. Phasellus finibus porttitor felis, a feugiat purus tempus vel. Etiam vitae vehicula ex. Praesent ut tellus tellus. Fusce felis nunc, congue ac leo in, elementum vulputate nisi. Duis diam nulla, consequat ac mauris quis, viverra gravida urna.','inactivo',4,4);
INSERT INTO platziblog.posts (`id`,`titulo`,`fecha_publicacion`,`contenido`,`estatus`,`usuario_id`,`categoria_id`) VALUES (48,'Se mejora la conducción autónoma de vehículos','2022-05-23 00:00:00','Phasellus laoreet eros nec vestibulum varius. Nunc id efficitur lacus, non imperdiet quam. Aliquam porta, tellus at porta semper, felis velit congue mauris, eu pharetra felis sem vitae tortor. Curabitur bibendum vehicula dolor, nec accumsan tortor ultrices ac. Vivamus nec tristique orci. Nullam fringilla eros magna, vitae imperdiet nisl mattis et. Ut quis malesuada felis. Proin at dictum eros, eget sodales libero. Sed egestas tristique nisi et tempor. Ut cursus sapien eu pellentesque posuere. Etiam eleifend varius cursus.\n\nNullam viverra quam porta orci efficitur imperdiet. Quisque magna erat, dignissim nec velit sit amet, hendrerit mollis mauris. Mauris sapien magna, consectetur et vulputate a, iaculis eget nisi. Nunc est diam, aliquam quis turpis ac, porta mattis neque. Quisque consequat dolor sit amet velit commodo sagittis. Donec commodo pulvinar odio, ut gravida velit pellentesque vitae. Class aptent taciti sociosqu ad litora torquent per conubia nostra, per inceptos himenaeos.\n\nMorbi vulputate ante quis elit pretium, ut blandit felis aliquet. Aenean a massa a leo tristique malesuada. Curabitur posuere, elit sed consectetur blandit, massa mauris tristique ante, in faucibus elit justo quis nisi. Ut viverra est et arcu egestas fringilla. Mauris condimentum, lorem id viverra placerat, libero lacus ultricies est, id volutpat metus sapien non justo. Nulla facilisis, sapien ut vehicula tristique, mauris lectus porta massa, sit amet malesuada dolor justo id lectus. Suspendisse sit amet tempor ligula. Nam sit amet nisl non magna lacinia finibus eget nec augue. Aliquam ornare cursus dapibus. Lorem ipsum dolor sit amet, consectetur adipiscing elit.\n\nDonec ornare sem eget massa pharetra rhoncus. Donec tempor sapien at posuere porttitor. Morbi sodales efficitur felis eu scelerisque. Quisque ultrices nunc ut dignissim vehicula. Donec id imperdiet orci, sed porttitor turpis. Etiam volutpat elit sed justo lobortis, tincidunt imperdiet velit pretium. Ut convallis elit sapien, ac egestas ipsum finibus a. Morbi sed odio et dui tincidunt rhoncus tempor id turpis.\n\nProin fringilla consequat imperdiet. Ut accumsan velit ac augue sollicitudin porta. Phasellus finibus porttitor felis, a feugiat purus tempus vel. Etiam vitae vehicula ex. Praesent ut tellus tellus. Fusce felis nunc, congue ac leo in, elementum vulputate nisi. Duis diam nulla, consequat ac mauris quis, viverra gravida urna.','activo',1,2);
INSERT INTO platziblog.posts (`id`,`titulo`,`fecha_publicacion`,`contenido`,`estatus`,`usuario_id`,`categoria_id`) VALUES (49,'Se descubre nueva partícula del modelo estandar','2023-01-10 00:00:00','Phasellus laoreet eros nec vestibulum varius. Nunc id efficitur lacus, non imperdiet quam. Aliquam porta, tellus at porta semper, felis velit congue mauris, eu pharetra felis sem vitae tortor. Curabitur bibendum vehicula dolor, nec accumsan tortor ultrices ac. Vivamus nec tristique orci. Nullam fringilla eros magna, vitae imperdiet nisl mattis et. Ut quis malesuada felis. Proin at dictum eros, eget sodales libero. Sed egestas tristique nisi et tempor. Ut cursus sapien eu pellentesque posuere. Etiam eleifend varius cursus.\n\nNullam viverra quam porta orci efficitur imperdiet. Quisque magna erat, dignissim nec velit sit amet, hendrerit mollis mauris. Mauris sapien magna, consectetur et vulputate a, iaculis eget nisi. Nunc est diam, aliquam quis turpis ac, porta mattis neque. Quisque consequat dolor sit amet velit commodo sagittis. Donec commodo pulvinar odio, ut gravida velit pellentesque vitae. Class aptent taciti sociosqu ad litora torquent per conubia nostra, per inceptos himenaeos.\n\nMorbi vulputate ante quis elit pretium, ut blandit felis aliquet. Aenean a massa a leo tristique malesuada. Curabitur posuere, elit sed consectetur blandit, massa mauris tristique ante, in faucibus elit justo quis nisi. Ut viverra est et arcu egestas fringilla. Mauris condimentum, lorem id viverra placerat, libero lacus ultricies est, id volutpat metus sapien non justo. Nulla facilisis, sapien ut vehicula tristique, mauris lectus porta massa, sit amet malesuada dolor justo id lectus. Suspendisse sit amet tempor ligula. Nam sit amet nisl non magna lacinia finibus eget nec augue. Aliquam ornare cursus dapibus. Lorem ipsum dolor sit amet, consectetur adipiscing elit.\n\nDonec ornare sem eget massa pharetra rhoncus. Donec tempor sapien at posuere porttitor. Morbi sodales efficitur felis eu scelerisque. Quisque ultrices nunc ut dignissim vehicula. Donec id imperdiet orci, sed porttitor turpis. Etiam volutpat elit sed justo lobortis, tincidunt imperdiet velit pretium. Ut convallis elit sapien, ac egestas ipsum finibus a. Morbi sed odio et dui tincidunt rhoncus tempor id turpis.\n\nProin fringilla consequat imperdiet. Ut accumsan velit ac augue sollicitudin porta. Phasellus finibus porttitor felis, a feugiat purus tempus vel. Etiam vitae vehicula ex. Praesent ut tellus tellus. Fusce felis nunc, congue ac leo in, elementum vulputate nisi. Duis diam nulla, consequat ac mauris quis, viverra gravida urna.','activo',2,1);
INSERT INTO platziblog.posts (`id`,`titulo`,`fecha_publicacion`,`contenido`,`estatus`,`usuario_id`,`categoria_id`) VALUES (50,'Químicos descubren nanomaterial','2026-06-04 00:00:00','Phasellus laoreet eros nec vestibulum varius. Nunc id efficitur lacus, non imperdiet quam. Aliquam porta, tellus at porta semper, felis velit congue mauris, eu pharetra felis sem vitae tortor. Curabitur bibendum vehicula dolor, nec accumsan tortor ultrices ac. Vivamus nec tristique orci. Nullam fringilla eros magna, vitae imperdiet nisl mattis et. Ut quis malesuada felis. Proin at dictum eros, eget sodales libero. Sed egestas tristique nisi et tempor. Ut cursus sapien eu pellentesque posuere. Etiam eleifend varius cursus.\n\nNullam viverra quam porta orci efficitur imperdiet. Quisque magna erat, dignissim nec velit sit amet, hendrerit mollis mauris. Mauris sapien magna, consectetur et vulputate a, iaculis eget nisi. Nunc est diam, aliquam quis turpis ac, porta mattis neque. Quisque consequat dolor sit amet velit commodo sagittis. Donec commodo pulvinar odio, ut gravida velit pellentesque vitae. Class aptent taciti sociosqu ad litora torquent per conubia nostra, per inceptos himenaeos.\n\nMorbi vulputate ante quis elit pretium, ut blandit felis aliquet. Aenean a massa a leo tristique malesuada. Curabitur posuere, elit sed consectetur blandit, massa mauris tristique ante, in faucibus elit justo quis nisi. Ut viverra est et arcu egestas fringilla. Mauris condimentum, lorem id viverra placerat, libero lacus ultricies est, id volutpat metus sapien non justo. Nulla facilisis, sapien ut vehicula tristique, mauris lectus porta massa, sit amet malesuada dolor justo id lectus. Suspendisse sit amet tempor ligula. Nam sit amet nisl non magna lacinia finibus eget nec augue. Aliquam ornare cursus dapibus. Lorem ipsum dolor sit amet, consectetur adipiscing elit.\n\nDonec ornare sem eget massa pharetra rhoncus. Donec tempor sapien at posuere porttitor. Morbi sodales efficitur felis eu scelerisque. Quisque ultrices nunc ut dignissim vehicula. Donec id imperdiet orci, sed porttitor turpis. Etiam volutpat elit sed justo lobortis, tincidunt imperdiet velit pretium. Ut convallis elit sapien, ac egestas ipsum finibus a. Morbi sed odio et dui tincidunt rhoncus tempor id turpis.\n\nProin fringilla consequat imperdiet. Ut accumsan velit ac augue sollicitudin porta. Phasellus finibus porttitor felis, a feugiat purus tempus vel. Etiam vitae vehicula ex. Praesent ut tellus tellus. Fusce felis nunc, congue ac leo in, elementum vulputate nisi. Duis diam nulla, consequat ac mauris quis, viverra gravida urna.','activo',2,1);
INSERT INTO platziblog.posts (`id`,`titulo`,`fecha_publicacion`,`contenido`,`estatus`,`usuario_id`,`categoria_id`) VALUES (51,'La bolsa cae estrepitosamente','2024-04-03 00:00:00','Phasellus laoreet eros nec vestibulum varius. Nunc id efficitur lacus, non imperdiet quam. Aliquam porta, tellus at porta semper, felis velit congue mauris, eu pharetra felis sem vitae tortor. Curabitur bibendum vehicula dolor, nec accumsan tortor ultrices ac. Vivamus nec tristique orci. Nullam fringilla eros magna, vitae imperdiet nisl mattis et. Ut quis malesuada felis. Proin at dictum eros, eget sodales libero. Sed egestas tristique nisi et tempor. Ut cursus sapien eu pellentesque posuere. Etiam eleifend varius cursus.\n\nNullam viverra quam porta orci efficitur imperdiet. Quisque magna erat, dignissim nec velit sit amet, hendrerit mollis mauris. Mauris sapien magna, consectetur et vulputate a, iaculis eget nisi. Nunc est diam, aliquam quis turpis ac, porta mattis neque. Quisque consequat dolor sit amet velit commodo sagittis. Donec commodo pulvinar odio, ut gravida velit pellentesque vitae. Class aptent taciti sociosqu ad litora torquent per conubia nostra, per inceptos himenaeos.\n\nMorbi vulputate ante quis elit pretium, ut blandit felis aliquet. Aenean a massa a leo tristique malesuada. Curabitur posuere, elit sed consectetur blandit, massa mauris tristique ante, in faucibus elit justo quis nisi. Ut viverra est et arcu egestas fringilla. Mauris condimentum, lorem id viverra placerat, libero lacus ultricies est, id volutpat metus sapien non justo. Nulla facilisis, sapien ut vehicula tristique, mauris lectus porta massa, sit amet malesuada dolor justo id lectus. Suspendisse sit amet tempor ligula. Nam sit amet nisl non magna lacinia finibus eget nec augue. Aliquam ornare cursus dapibus. Lorem ipsum dolor sit amet, consectetur adipiscing elit.\n\nDonec ornare sem eget massa pharetra rhoncus. Donec tempor sapien at posuere porttitor. Morbi sodales efficitur felis eu scelerisque. Quisque ultrices nunc ut dignissim vehicula. Donec id imperdiet orci, sed porttitor turpis. Etiam volutpat elit sed justo lobortis, tincidunt imperdiet velit pretium. Ut convallis elit sapien, ac egestas ipsum finibus a. Morbi sed odio et dui tincidunt rhoncus tempor id turpis.\n\nProin fringilla consequat imperdiet. Ut accumsan velit ac augue sollicitudin porta. Phasellus finibus porttitor felis, a feugiat purus tempus vel. Etiam vitae vehicula ex. Praesent ut tellus tellus. Fusce felis nunc, congue ac leo in, elementum vulputate nisi. Duis diam nulla, consequat ac mauris quis, viverra gravida urna.','activo',2,5);
INSERT INTO platziblog.posts (`id`,`titulo`,`fecha_publicacion`,`contenido`,`estatus`,`usuario_id`,`categoria_id`) VALUES (52,'Bienes raices más baratos que nunca','2025-04-11 00:00:00','Phasellus laoreet eros nec vestibulum varius. Nunc id efficitur lacus, non imperdiet quam. Aliquam porta, tellus at porta semper, felis velit congue mauris, eu pharetra felis sem vitae tortor. Curabitur bibendum vehicula dolor, nec accumsan tortor ultrices ac. Vivamus nec tristique orci. Nullam fringilla eros magna, vitae imperdiet nisl mattis et. Ut quis malesuada felis. Proin at dictum eros, eget sodales libero. Sed egestas tristique nisi et tempor. Ut cursus sapien eu pellentesque posuere. Etiam eleifend varius cursus.\n\nNullam viverra quam porta orci efficitur imperdiet. Quisque magna erat, dignissim nec velit sit amet, hendrerit mollis mauris. Mauris sapien magna, consectetur et vulputate a, iaculis eget nisi. Nunc est diam, aliquam quis turpis ac, porta mattis neque. Quisque consequat dolor sit amet velit commodo sagittis. Donec commodo pulvinar odio, ut gravida velit pellentesque vitae. Class aptent taciti sociosqu ad litora torquent per conubia nostra, per inceptos himenaeos.\n\nMorbi vulputate ante quis elit pretium, ut blandit felis aliquet. Aenean a massa a leo tristique malesuada. Curabitur posuere, elit sed consectetur blandit, massa mauris tristique ante, in faucibus elit justo quis nisi. Ut viverra est et arcu egestas fringilla. Mauris condimentum, lorem id viverra placerat, libero lacus ultricies est, id volutpat metus sapien non justo. Nulla facilisis, sapien ut vehicula tristique, mauris lectus porta massa, sit amet malesuada dolor justo id lectus. Suspendisse sit amet tempor ligula. Nam sit amet nisl non magna lacinia finibus eget nec augue. Aliquam ornare cursus dapibus. Lorem ipsum dolor sit amet, consectetur adipiscing elit.\n\nDonec ornare sem eget massa pharetra rhoncus. Donec tempor sapien at posuere porttitor. Morbi sodales efficitur felis eu scelerisque. Quisque ultrices nunc ut dignissim vehicula. Donec id imperdiet orci, sed porttitor turpis. Etiam volutpat elit sed justo lobortis, tincidunt imperdiet velit pretium. Ut convallis elit sapien, ac egestas ipsum finibus a. Morbi sed odio et dui tincidunt rhoncus tempor id turpis.\n\nProin fringilla consequat imperdiet. Ut accumsan velit ac augue sollicitudin porta. Phasellus finibus porttitor felis, a feugiat purus tempus vel. Etiam vitae vehicula ex. Praesent ut tellus tellus. Fusce felis nunc, congue ac leo in, elementum vulputate nisi. Duis diam nulla, consequat ac mauris quis, viverra gravida urna.','inactivo',2,5);
INSERT INTO platziblog.posts (`id`,`titulo`,`fecha_publicacion`,`contenido`,`estatus`,`usuario_id`,`categoria_id`) VALUES (53,'Se fortalece el peso frente al dolar','2021-10-09 00:00:00','Phasellus laoreet eros nec vestibulum varius. Nunc id efficitur lacus, non imperdiet quam. Aliquam porta, tellus at porta semper, felis velit congue mauris, eu pharetra felis sem vitae tortor. Curabitur bibendum vehicula dolor, nec accumsan tortor ultrices ac. Vivamus nec tristique orci. Nullam fringilla eros magna, vitae imperdiet nisl mattis et. Ut quis malesuada felis. Proin at dictum eros, eget sodales libero. Sed egestas tristique nisi et tempor. Ut cursus sapien eu pellentesque posuere. Etiam eleifend varius cursus.\n\nNullam viverra quam porta orci efficitur imperdiet. Quisque magna erat, dignissim nec velit sit amet, hendrerit mollis mauris. Mauris sapien magna, consectetur et vulputate a, iaculis eget nisi. Nunc est diam, aliquam quis turpis ac, porta mattis neque. Quisque consequat dolor sit amet velit commodo sagittis. Donec commodo pulvinar odio, ut gravida velit pellentesque vitae. Class aptent taciti sociosqu ad litora torquent per conubia nostra, per inceptos himenaeos.\n\nMorbi vulputate ante quis elit pretium, ut blandit felis aliquet. Aenean a massa a leo tristique malesuada. Curabitur posuere, elit sed consectetur blandit, massa mauris tristique ante, in faucibus elit justo quis nisi. Ut viverra est et arcu egestas fringilla. Mauris condimentum, lorem id viverra placerat, libero lacus ultricies est, id volutpat metus sapien non justo. Nulla facilisis, sapien ut vehicula tristique, mauris lectus porta massa, sit amet malesuada dolor justo id lectus. Suspendisse sit amet tempor ligula. Nam sit amet nisl non magna lacinia finibus eget nec augue. Aliquam ornare cursus dapibus. Lorem ipsum dolor sit amet, consectetur adipiscing elit.\n\nDonec ornare sem eget massa pharetra rhoncus. Donec tempor sapien at posuere porttitor. Morbi sodales efficitur felis eu scelerisque. Quisque ultrices nunc ut dignissim vehicula. Donec id imperdiet orci, sed porttitor turpis. Etiam volutpat elit sed justo lobortis, tincidunt imperdiet velit pretium. Ut convallis elit sapien, ac egestas ipsum finibus a. Morbi sed odio et dui tincidunt rhoncus tempor id turpis.\n\nProin fringilla consequat imperdiet. Ut accumsan velit ac augue sollicitudin porta. Phasellus finibus porttitor felis, a feugiat purus tempus vel. Etiam vitae vehicula ex. Praesent ut tellus tellus. Fusce felis nunc, congue ac leo in, elementum vulputate nisi. Duis diam nulla, consequat ac mauris quis, viverra gravida urna.','activo',1,5);
INSERT INTO platziblog.posts (`id`,`titulo`,`fecha_publicacion`,`contenido`,`estatus`,`usuario_id`,`categoria_id`) VALUES (54,'Tenemos ganador de la formula e','2022-11-11 00:00:00','Phasellus laoreet eros nec vestibulum varius. Nunc id efficitur lacus, non imperdiet quam. Aliquam porta, tellus at porta semper, felis velit congue mauris, eu pharetra felis sem vitae tortor. Curabitur bibendum vehicula dolor, nec accumsan tortor ultrices ac. Vivamus nec tristique orci. Nullam fringilla eros magna, vitae imperdiet nisl mattis et. Ut quis malesuada felis. Proin at dictum eros, eget sodales libero. Sed egestas tristique nisi et tempor. Ut cursus sapien eu pellentesque posuere. Etiam eleifend varius cursus.\n\nNullam viverra quam porta orci efficitur imperdiet. Quisque magna erat, dignissim nec velit sit amet, hendrerit mollis mauris. Mauris sapien magna, consectetur et vulputate a, iaculis eget nisi. Nunc est diam, aliquam quis turpis ac, porta mattis neque. Quisque consequat dolor sit amet velit commodo sagittis. Donec commodo pulvinar odio, ut gravida velit pellentesque vitae. Class aptent taciti sociosqu ad litora torquent per conubia nostra, per inceptos himenaeos.\n\nMorbi vulputate ante quis elit pretium, ut blandit felis aliquet. Aenean a massa a leo tristique malesuada. Curabitur posuere, elit sed consectetur blandit, massa mauris tristique ante, in faucibus elit justo quis nisi. Ut viverra est et arcu egestas fringilla. Mauris condimentum, lorem id viverra placerat, libero lacus ultricies est, id volutpat metus sapien non justo. Nulla facilisis, sapien ut vehicula tristique, mauris lectus porta massa, sit amet malesuada dolor justo id lectus. Suspendisse sit amet tempor ligula. Nam sit amet nisl non magna lacinia finibus eget nec augue. Aliquam ornare cursus dapibus. Lorem ipsum dolor sit amet, consectetur adipiscing elit.\n\nDonec ornare sem eget massa pharetra rhoncus. Donec tempor sapien at posuere porttitor. Morbi sodales efficitur felis eu scelerisque. Quisque ultrices nunc ut dignissim vehicula. Donec id imperdiet orci, sed porttitor turpis. Etiam volutpat elit sed justo lobortis, tincidunt imperdiet velit pretium. Ut convallis elit sapien, ac egestas ipsum finibus a. Morbi sed odio et dui tincidunt rhoncus tempor id turpis.\n\nProin fringilla consequat imperdiet. Ut accumsan velit ac augue sollicitudin porta. Phasellus finibus porttitor felis, a feugiat purus tempus vel. Etiam vitae vehicula ex. Praesent ut tellus tellus. Fusce felis nunc, congue ac leo in, elementum vulputate nisi. Duis diam nulla, consequat ac mauris quis, viverra gravida urna.','activo',1,3);
INSERT INTO platziblog.posts (`id`,`titulo`,`fecha_publicacion`,`contenido`,`estatus`,`usuario_id`,`categoria_id`) VALUES (55,'Ganan partido frente a visitantes','2023-12-10 00:00:00','Phasellus laoreet eros nec vestibulum varius. Nunc id efficitur lacus, non imperdiet quam. Aliquam porta, tellus at porta semper, felis velit congue mauris, eu pharetra felis sem vitae tortor. Curabitur bibendum vehicula dolor, nec accumsan tortor ultrices ac. Vivamus nec tristique orci. Nullam fringilla eros magna, vitae imperdiet nisl mattis et. Ut quis malesuada felis. Proin at dictum eros, eget sodales libero. Sed egestas tristique nisi et tempor. Ut cursus sapien eu pellentesque posuere. Etiam eleifend varius cursus.\n\nNullam viverra quam porta orci efficitur imperdiet. Quisque magna erat, dignissim nec velit sit amet, hendrerit mollis mauris. Mauris sapien magna, consectetur et vulputate a, iaculis eget nisi. Nunc est diam, aliquam quis turpis ac, porta mattis neque. Quisque consequat dolor sit amet velit commodo sagittis. Donec commodo pulvinar odio, ut gravida velit pellentesque vitae. Class aptent taciti sociosqu ad litora torquent per conubia nostra, per inceptos himenaeos.\n\nMorbi vulputate ante quis elit pretium, ut blandit felis aliquet. Aenean a massa a leo tristique malesuada. Curabitur posuere, elit sed consectetur blandit, massa mauris tristique ante, in faucibus elit justo quis nisi. Ut viverra est et arcu egestas fringilla. Mauris condimentum, lorem id viverra placerat, libero lacus ultricies est, id volutpat metus sapien non justo. Nulla facilisis, sapien ut vehicula tristique, mauris lectus porta massa, sit amet malesuada dolor justo id lectus. Suspendisse sit amet tempor ligula. Nam sit amet nisl non magna lacinia finibus eget nec augue. Aliquam ornare cursus dapibus. Lorem ipsum dolor sit amet, consectetur adipiscing elit.\n\nDonec ornare sem eget massa pharetra rhoncus. Donec tempor sapien at posuere porttitor. Morbi sodales efficitur felis eu scelerisque. Quisque ultrices nunc ut dignissim vehicula. Donec id imperdiet orci, sed porttitor turpis. Etiam volutpat elit sed justo lobortis, tincidunt imperdiet velit pretium. Ut convallis elit sapien, ac egestas ipsum finibus a. Morbi sed odio et dui tincidunt rhoncus tempor id turpis.\n\nProin fringilla consequat imperdiet. Ut accumsan velit ac augue sollicitudin porta. Phasellus finibus porttitor felis, a feugiat purus tempus vel. Etiam vitae vehicula ex. Praesent ut tellus tellus. Fusce felis nunc, congue ac leo in, elementum vulputate nisi. Duis diam nulla, consequat ac mauris quis, viverra gravida urna.','activo',2,3);
INSERT INTO platziblog.posts (`id`,`titulo`,`fecha_publicacion`,`contenido`,`estatus`,`usuario_id`,`categoria_id`) VALUES (56,'Equipo veterano da un gran espectaculo','2023-12-01 00:00:00','Phasellus laoreet eros nec vestibulum varius. Nunc id efficitur lacus, non imperdiet quam. Aliquam porta, tellus at porta semper, felis velit congue mauris, eu pharetra felis sem vitae tortor. Curabitur bibendum vehicula dolor, nec accumsan tortor ultrices ac. Vivamus nec tristique orci. Nullam fringilla eros magna, vitae imperdiet nisl mattis et. Ut quis malesuada felis. Proin at dictum eros, eget sodales libero. Sed egestas tristique nisi et tempor. Ut cursus sapien eu pellentesque posuere. Etiam eleifend varius cursus.\n\nNullam viverra quam porta orci efficitur imperdiet. Quisque magna erat, dignissim nec velit sit amet, hendrerit mollis mauris. Mauris sapien magna, consectetur et vulputate a, iaculis eget nisi. Nunc est diam, aliquam quis turpis ac, porta mattis neque. Quisque consequat dolor sit amet velit commodo sagittis. Donec commodo pulvinar odio, ut gravida velit pellentesque vitae. Class aptent taciti sociosqu ad litora torquent per conubia nostra, per inceptos himenaeos.\n\nMorbi vulputate ante quis elit pretium, ut blandit felis aliquet. Aenean a massa a leo tristique malesuada. Curabitur posuere, elit sed consectetur blandit, massa mauris tristique ante, in faucibus elit justo quis nisi. Ut viverra est et arcu egestas fringilla. Mauris condimentum, lorem id viverra placerat, libero lacus ultricies est, id volutpat metus sapien non justo. Nulla facilisis, sapien ut vehicula tristique, mauris lectus porta massa, sit amet malesuada dolor justo id lectus. Suspendisse sit amet tempor ligula. Nam sit amet nisl non magna lacinia finibus eget nec augue. Aliquam ornare cursus dapibus. Lorem ipsum dolor sit amet, consectetur adipiscing elit.\n\nDonec ornare sem eget massa pharetra rhoncus. Donec tempor sapien at posuere porttitor. Morbi sodales efficitur felis eu scelerisque. Quisque ultrices nunc ut dignissim vehicula. Donec id imperdiet orci, sed porttitor turpis. Etiam volutpat elit sed justo lobortis, tincidunt imperdiet velit pretium. Ut convallis elit sapien, ac egestas ipsum finibus a. Morbi sed odio et dui tincidunt rhoncus tempor id turpis.\n\nProin fringilla consequat imperdiet. Ut accumsan velit ac augue sollicitudin porta. Phasellus finibus porttitor felis, a feugiat purus tempus vel. Etiam vitae vehicula ex. Praesent ut tellus tellus. Fusce felis nunc, congue ac leo in, elementum vulputate nisi. Duis diam nulla, consequat ac mauris quis, viverra gravida urna.','inactivo',2,3);
INSERT INTO platziblog.posts (`id`,`titulo`,`fecha_publicacion`,`contenido`,`estatus`,`usuario_id`,`categoria_id`) VALUES (57,'Escándalo con el boxeador del momento','2025-03-05 00:00:00','Phasellus laoreet eros nec vestibulum varius. Nunc id efficitur lacus, non imperdiet quam. Aliquam porta, tellus at porta semper, felis velit congue mauris, eu pharetra felis sem vitae tortor. Curabitur bibendum vehicula dolor, nec accumsan tortor ultrices ac. Vivamus nec tristique orci. Nullam fringilla eros magna, vitae imperdiet nisl mattis et. Ut quis malesuada felis. Proin at dictum eros, eget sodales libero. Sed egestas tristique nisi et tempor. Ut cursus sapien eu pellentesque posuere. Etiam eleifend varius cursus.\n\nNullam viverra quam porta orci efficitur imperdiet. Quisque magna erat, dignissim nec velit sit amet, hendrerit mollis mauris. Mauris sapien magna, consectetur et vulputate a, iaculis eget nisi. Nunc est diam, aliquam quis turpis ac, porta mattis neque. Quisque consequat dolor sit amet velit commodo sagittis. Donec commodo pulvinar odio, ut gravida velit pellentesque vitae. Class aptent taciti sociosqu ad litora torquent per conubia nostra, per inceptos himenaeos.\n\nMorbi vulputate ante quis elit pretium, ut blandit felis aliquet. Aenean a massa a leo tristique malesuada. Curabitur posuere, elit sed consectetur blandit, massa mauris tristique ante, in faucibus elit justo quis nisi. Ut viverra est et arcu egestas fringilla. Mauris condimentum, lorem id viverra placerat, libero lacus ultricies est, id volutpat metus sapien non justo. Nulla facilisis, sapien ut vehicula tristique, mauris lectus porta massa, sit amet malesuada dolor justo id lectus. Suspendisse sit amet tempor ligula. Nam sit amet nisl non magna lacinia finibus eget nec augue. Aliquam ornare cursus dapibus. Lorem ipsum dolor sit amet, consectetur adipiscing elit.\n\nDonec ornare sem eget massa pharetra rhoncus. Donec tempor sapien at posuere porttitor. Morbi sodales efficitur felis eu scelerisque. Quisque ultrices nunc ut dignissim vehicula. Donec id imperdiet orci, sed porttitor turpis. Etiam volutpat elit sed justo lobortis, tincidunt imperdiet velit pretium. Ut convallis elit sapien, ac egestas ipsum finibus a. Morbi sed odio et dui tincidunt rhoncus tempor id turpis.\n\nProin fringilla consequat imperdiet. Ut accumsan velit ac augue sollicitudin porta. Phasellus finibus porttitor felis, a feugiat purus tempus vel. Etiam vitae vehicula ex. Praesent ut tellus tellus. Fusce felis nunc, congue ac leo in, elementum vulputate nisi. Duis diam nulla, consequat ac mauris quis, viverra gravida urna.','activo',4,4);
INSERT INTO platziblog.posts (`id`,`titulo`,`fecha_publicacion`,`contenido`,`estatus`,`usuario_id`,`categoria_id`) VALUES (58,'Fuccia OS sacude al mundo','2028-10-10 00:00:00','Phasellus laoreet eros nec vestibulum varius. Nunc id efficitur lacus, non imperdiet quam. Aliquam porta, tellus at porta semper, felis velit congue mauris, eu pharetra felis sem vitae tortor. Curabitur bibendum vehicula dolor, nec accumsan tortor ultrices ac. Vivamus nec tristique orci. Nullam fringilla eros magna, vitae imperdiet nisl mattis et. Ut quis malesuada felis. Proin at dictum eros, eget sodales libero. Sed egestas tristique nisi et tempor. Ut cursus sapien eu pellentesque posuere. Etiam eleifend varius cursus.\n\nNullam viverra quam porta orci efficitur imperdiet. Quisque magna erat, dignissim nec velit sit amet, hendrerit mollis mauris. Mauris sapien magna, consectetur et vulputate a, iaculis eget nisi. Nunc est diam, aliquam quis turpis ac, porta mattis neque. Quisque consequat dolor sit amet velit commodo sagittis. Donec commodo pulvinar odio, ut gravida velit pellentesque vitae. Class aptent taciti sociosqu ad litora torquent per conubia nostra, per inceptos himenaeos.\n\nMorbi vulputate ante quis elit pretium, ut blandit felis aliquet. Aenean a massa a leo tristique malesuada. Curabitur posuere, elit sed consectetur blandit, massa mauris tristique ante, in faucibus elit justo quis nisi. Ut viverra est et arcu egestas fringilla. Mauris condimentum, lorem id viverra placerat, libero lacus ultricies est, id volutpat metus sapien non justo. Nulla facilisis, sapien ut vehicula tristique, mauris lectus porta massa, sit amet malesuada dolor justo id lectus. Suspendisse sit amet tempor ligula. Nam sit amet nisl non magna lacinia finibus eget nec augue. Aliquam ornare cursus dapibus. Lorem ipsum dolor sit amet, consectetur adipiscing elit.\n\nDonec ornare sem eget massa pharetra rhoncus. Donec tempor sapien at posuere porttitor. Morbi sodales efficitur felis eu scelerisque. Quisque ultrices nunc ut dignissim vehicula. Donec id imperdiet orci, sed porttitor turpis. Etiam volutpat elit sed justo lobortis, tincidunt imperdiet velit pretium. Ut convallis elit sapien, ac egestas ipsum finibus a. Morbi sed odio et dui tincidunt rhoncus tempor id turpis.\n\nProin fringilla consequat imperdiet. Ut accumsan velit ac augue sollicitudin porta. Phasellus finibus porttitor felis, a feugiat purus tempus vel. Etiam vitae vehicula ex. Praesent ut tellus tellus. Fusce felis nunc, congue ac leo in, elementum vulputate nisi. Duis diam nulla, consequat ac mauris quis, viverra gravida urna.','activo',1,2);
INSERT INTO platziblog.posts (`id`,`titulo`,`fecha_publicacion`,`contenido`,`estatus`,`usuario_id`,`categoria_id`) VALUES (59,'U.S. Robotics presenta hallazgo','2029-01-10 00:00:00','Phasellus laoreet eros nec vestibulum varius. Nunc id efficitur lacus, non imperdiet quam. Aliquam porta, tellus at porta semper, felis velit congue mauris, eu pharetra felis sem vitae tortor. Curabitur bibendum vehicula dolor, nec accumsan tortor ultrices ac. Vivamus nec tristique orci. Nullam fringilla eros magna, vitae imperdiet nisl mattis et. Ut quis malesuada felis. Proin at dictum eros, eget sodales libero. Sed egestas tristique nisi et tempor. Ut cursus sapien eu pellentesque posuere. Etiam eleifend varius cursus.\n\nNullam viverra quam porta orci efficitur imperdiet. Quisque magna erat, dignissim nec velit sit amet, hendrerit mollis mauris. Mauris sapien magna, consectetur et vulputate a, iaculis eget nisi. Nunc est diam, aliquam quis turpis ac, porta mattis neque. Quisque consequat dolor sit amet velit commodo sagittis. Donec commodo pulvinar odio, ut gravida velit pellentesque vitae. Class aptent taciti sociosqu ad litora torquent per conubia nostra, per inceptos himenaeos.\n\nMorbi vulputate ante quis elit pretium, ut blandit felis aliquet. Aenean a massa a leo tristique malesuada. Curabitur posuere, elit sed consectetur blandit, massa mauris tristique ante, in faucibus elit justo quis nisi. Ut viverra est et arcu egestas fringilla. Mauris condimentum, lorem id viverra placerat, libero lacus ultricies est, id volutpat metus sapien non justo. Nulla facilisis, sapien ut vehicula tristique, mauris lectus porta massa, sit amet malesuada dolor justo id lectus. Suspendisse sit amet tempor ligula. Nam sit amet nisl non magna lacinia finibus eget nec augue. Aliquam ornare cursus dapibus. Lorem ipsum dolor sit amet, consectetur adipiscing elit.\n\nDonec ornare sem eget massa pharetra rhoncus. Donec tempor sapien at posuere porttitor. Morbi sodales efficitur felis eu scelerisque. Quisque ultrices nunc ut dignissim vehicula. Donec id imperdiet orci, sed porttitor turpis. Etiam volutpat elit sed justo lobortis, tincidunt imperdiet velit pretium. Ut convallis elit sapien, ac egestas ipsum finibus a. Morbi sed odio et dui tincidunt rhoncus tempor id turpis.\n\nProin fringilla consequat imperdiet. Ut accumsan velit ac augue sollicitudin porta. Phasellus finibus porttitor felis, a feugiat purus tempus vel. Etiam vitae vehicula ex. Praesent ut tellus tellus. Fusce felis nunc, congue ac leo in, elementum vulputate nisi. Duis diam nulla, consequat ac mauris quis, viverra gravida urna.\n','activo',1,2);
INSERT INTO platziblog.posts (`id`,`titulo`,`fecha_publicacion`,`contenido`,`estatus`,`usuario_id`,`categoria_id`) VALUES (60,'Cierra campeonato mundial de football de manera impresionante','2023-04-10 00:00:00','Phasellus laoreet eros nec vestibulum varius. Nunc id efficitur lacus, non imperdiet quam. Aliquam porta, tellus at porta semper, felis velit congue mauris, eu pharetra felis sem vitae tortor. Curabitur bibendum vehicula dolor, nec accumsan tortor ultrices ac. Vivamus nec tristique orci. Nullam fringilla eros magna, vitae imperdiet nisl mattis et. Ut quis malesuada felis. Proin at dictum eros, eget sodales libero. Sed egestas tristique nisi et tempor. Ut cursus sapien eu pellentesque posuere. Etiam eleifend varius cursus.\n\nNullam viverra quam porta orci efficitur imperdiet. Quisque magna erat, dignissim nec velit sit amet, hendrerit mollis mauris. Mauris sapien magna, consectetur et vulputate a, iaculis eget nisi. Nunc est diam, aliquam quis turpis ac, porta mattis neque. Quisque consequat dolor sit amet velit commodo sagittis. Donec commodo pulvinar odio, ut gravida velit pellentesque vitae. Class aptent taciti sociosqu ad litora torquent per conubia nostra, per inceptos himenaeos.\n\nMorbi vulputate ante quis elit pretium, ut blandit felis aliquet. Aenean a massa a leo tristique malesuada. Curabitur posuere, elit sed consectetur blandit, massa mauris tristique ante, in faucibus elit justo quis nisi. Ut viverra est et arcu egestas fringilla. Mauris condimentum, lorem id viverra placerat, libero lacus ultricies est, id volutpat metus sapien non justo. Nulla facilisis, sapien ut vehicula tristique, mauris lectus porta massa, sit amet malesuada dolor justo id lectus. Suspendisse sit amet tempor ligula. Nam sit amet nisl non magna lacinia finibus eget nec augue. Aliquam ornare cursus dapibus. Lorem ipsum dolor sit amet, consectetur adipiscing elit.\n\nDonec ornare sem eget massa pharetra rhoncus. Donec tempor sapien at posuere porttitor. Morbi sodales efficitur felis eu scelerisque. Quisque ultrices nunc ut dignissim vehicula. Donec id imperdiet orci, sed porttitor turpis. Etiam volutpat elit sed justo lobortis, tincidunt imperdiet velit pretium. Ut convallis elit sapien, ac egestas ipsum finibus a. Morbi sed odio et dui tincidunt rhoncus tempor id turpis.\n\nProin fringilla consequat imperdiet. Ut accumsan velit ac augue sollicitudin porta. Phasellus finibus porttitor felis, a feugiat purus tempus vel. Etiam vitae vehicula ex. Praesent ut tellus tellus. Fusce felis nunc, congue ac leo in, elementum vulputate nisi. Duis diam nulla, consequat ac mauris quis, viverra gravida urna.\n','activo',2,3);
INSERT INTO platziblog.posts (`id`,`titulo`,`fecha_publicacion`,`contenido`,`estatus`,`usuario_id`,`categoria_id`) VALUES (61,'Escándalo en el mundo de la moda','2022-04-11 00:00:00','Phasellus laoreet eros nec vestibulum varius. Nunc id efficitur lacus, non imperdiet quam. Aliquam porta, tellus at porta semper, felis velit congue mauris, eu pharetra felis sem vitae tortor. Curabitur bibendum vehicula dolor, nec accumsan tortor ultrices ac. Vivamus nec tristique orci. Nullam fringilla eros magna, vitae imperdiet nisl mattis et. Ut quis malesuada felis. Proin at dictum eros, eget sodales libero. Sed egestas tristique nisi et tempor. Ut cursus sapien eu pellentesque posuere. Etiam eleifend varius cursus.\n\nNullam viverra quam porta orci efficitur imperdiet. Quisque magna erat, dignissim nec velit sit amet, hendrerit mollis mauris. Mauris sapien magna, consectetur et vulputate a, iaculis eget nisi. Nunc est diam, aliquam quis turpis ac, porta mattis neque. Quisque consequat dolor sit amet velit commodo sagittis. Donec commodo pulvinar odio, ut gravida velit pellentesque vitae. Class aptent taciti sociosqu ad litora torquent per conubia nostra, per inceptos himenaeos.\n\nMorbi vulputate ante quis elit pretium, ut blandit felis aliquet. Aenean a massa a leo tristique malesuada. Curabitur posuere, elit sed consectetur blandit, massa mauris tristique ante, in faucibus elit justo quis nisi. Ut viverra est et arcu egestas fringilla. Mauris condimentum, lorem id viverra placerat, libero lacus ultricies est, id volutpat metus sapien non justo. Nulla facilisis, sapien ut vehicula tristique, mauris lectus porta massa, sit amet malesuada dolor justo id lectus. Suspendisse sit amet tempor ligula. Nam sit amet nisl non magna lacinia finibus eget nec augue. Aliquam ornare cursus dapibus. Lorem ipsum dolor sit amet, consectetur adipiscing elit.\n\nDonec ornare sem eget massa pharetra rhoncus. Donec tempor sapien at posuere porttitor. Morbi sodales efficitur felis eu scelerisque. Quisque ultrices nunc ut dignissim vehicula. Donec id imperdiet orci, sed porttitor turpis. Etiam volutpat elit sed justo lobortis, tincidunt imperdiet velit pretium. Ut convallis elit sapien, ac egestas ipsum finibus a. Morbi sed odio et dui tincidunt rhoncus tempor id turpis.\n\nProin fringilla consequat imperdiet. Ut accumsan velit ac augue sollicitudin porta. Phasellus finibus porttitor felis, a feugiat purus tempus vel. Etiam vitae vehicula ex. Praesent ut tellus tellus. Fusce felis nunc, congue ac leo in, elementum vulputate nisi. Duis diam nulla, consequat ac mauris quis, viverra gravida urna.\n','activo',4,4);
INSERT INTO platziblog.posts (`id`,`titulo`,`fecha_publicacion`,`contenido`,`estatus`,`usuario_id`,`categoria_id`) VALUES (62,'Tenemos campeona del mundial de volleiball','2024-09-09 00:00:00','Phasellus laoreet eros nec vestibulum varius. Nunc id efficitur lacus, non imperdiet quam. Aliquam porta, tellus at porta semper, felis velit congue mauris, eu pharetra felis sem vitae tortor. Curabitur bibendum vehicula dolor, nec accumsan tortor ultrices ac. Vivamus nec tristique orci. Nullam fringilla eros magna, vitae imperdiet nisl mattis et. Ut quis malesuada felis. Proin at dictum eros, eget sodales libero. Sed egestas tristique nisi et tempor. Ut cursus sapien eu pellentesque posuere. Etiam eleifend varius cursus.\n\nNullam viverra quam porta orci efficitur imperdiet. Quisque magna erat, dignissim nec velit sit amet, hendrerit mollis mauris. Mauris sapien magna, consectetur et vulputate a, iaculis eget nisi. Nunc est diam, aliquam quis turpis ac, porta mattis neque. Quisque consequat dolor sit amet velit commodo sagittis. Donec commodo pulvinar odio, ut gravida velit pellentesque vitae. Class aptent taciti sociosqu ad litora torquent per conubia nostra, per inceptos himenaeos.\n\nMorbi vulputate ante quis elit pretium, ut blandit felis aliquet. Aenean a massa a leo tristique malesuada. Curabitur posuere, elit sed consectetur blandit, massa mauris tristique ante, in faucibus elit justo quis nisi. Ut viverra est et arcu egestas fringilla. Mauris condimentum, lorem id viverra placerat, libero lacus ultricies est, id volutpat metus sapien non justo. Nulla facilisis, sapien ut vehicula tristique, mauris lectus porta massa, sit amet malesuada dolor justo id lectus. Suspendisse sit amet tempor ligula. Nam sit amet nisl non magna lacinia finibus eget nec augue. Aliquam ornare cursus dapibus. Lorem ipsum dolor sit amet, consectetur adipiscing elit.\n\nDonec ornare sem eget massa pharetra rhoncus. Donec tempor sapien at posuere porttitor. Morbi sodales efficitur felis eu scelerisque. Quisque ultrices nunc ut dignissim vehicula. Donec id imperdiet orci, sed porttitor turpis. Etiam volutpat elit sed justo lobortis, tincidunt imperdiet velit pretium. Ut convallis elit sapien, ac egestas ipsum finibus a. Morbi sed odio et dui tincidunt rhoncus tempor id turpis.\n\nProin fringilla consequat imperdiet. Ut accumsan velit ac augue sollicitudin porta. Phasellus finibus porttitor felis, a feugiat purus tempus vel. Etiam vitae vehicula ex. Praesent ut tellus tellus. Fusce felis nunc, congue ac leo in, elementum vulputate nisi. Duis diam nulla, consequat ac mauris quis, viverra gravida urna.\n','inactivo',2,3);
INSERT INTO platziblog.posts (`id`,`titulo`,`fecha_publicacion`,`contenido`,`estatus`,`usuario_id`,`categoria_id`) VALUES (63,'Se descubre la unión entre astrofísica y fisica cuántica','2022-05-03 00:00:00','Phasellus laoreet eros nec vestibulum varius. Nunc id efficitur lacus, non imperdiet quam. Aliquam porta, tellus at porta semper, felis velit congue mauris, eu pharetra felis sem vitae tortor. Curabitur bibendum vehicula dolor, nec accumsan tortor ultrices ac. Vivamus nec tristique orci. Nullam fringilla eros magna, vitae imperdiet nisl mattis et. Ut quis malesuada felis. Proin at dictum eros, eget sodales libero. Sed egestas tristique nisi et tempor. Ut cursus sapien eu pellentesque posuere. Etiam eleifend varius cursus.\n\nNullam viverra quam porta orci efficitur imperdiet. Quisque magna erat, dignissim nec velit sit amet, hendrerit mollis mauris. Mauris sapien magna, consectetur et vulputate a, iaculis eget nisi. Nunc est diam, aliquam quis turpis ac, porta mattis neque. Quisque consequat dolor sit amet velit commodo sagittis. Donec commodo pulvinar odio, ut gravida velit pellentesque vitae. Class aptent taciti sociosqu ad litora torquent per conubia nostra, per inceptos himenaeos.\n\nMorbi vulputate ante quis elit pretium, ut blandit felis aliquet. Aenean a massa a leo tristique malesuada. Curabitur posuere, elit sed consectetur blandit, massa mauris tristique ante, in faucibus elit justo quis nisi. Ut viverra est et arcu egestas fringilla. Mauris condimentum, lorem id viverra placerat, libero lacus ultricies est, id volutpat metus sapien non justo. Nulla facilisis, sapien ut vehicula tristique, mauris lectus porta massa, sit amet malesuada dolor justo id lectus. Suspendisse sit amet tempor ligula. Nam sit amet nisl non magna lacinia finibus eget nec augue. Aliquam ornare cursus dapibus. Lorem ipsum dolor sit amet, consectetur adipiscing elit.\n\nDonec ornare sem eget massa pharetra rhoncus. Donec tempor sapien at posuere porttitor. Morbi sodales efficitur felis eu scelerisque. Quisque ultrices nunc ut dignissim vehicula. Donec id imperdiet orci, sed porttitor turpis. Etiam volutpat elit sed justo lobortis, tincidunt imperdiet velit pretium. Ut convallis elit sapien, ac egestas ipsum finibus a. Morbi sed odio et dui tincidunt rhoncus tempor id turpis.\n\nProin fringilla consequat imperdiet. Ut accumsan velit ac augue sollicitudin porta. Phasellus finibus porttitor felis, a feugiat purus tempus vel. Etiam vitae vehicula ex. Praesent ut tellus tellus. Fusce felis nunc, congue ac leo in, elementum vulputate nisi. Duis diam nulla, consequat ac mauris quis, viverra gravida urna.\n','inactivo',3,1);
INSERT INTO platziblog.posts (`id`,`titulo`,`fecha_publicacion`,`contenido`,`estatus`,`usuario_id`,`categoria_id`) VALUES (64,'El post que se quedó huérfano','2029-08-08 00:00:00','\'Phasellus laoreet eros nec vestibulum varius. Nunc id efficitur lacus, non imperdiet quam. Aliquam porta, tellus at porta semper, felis velit congue mauris, eu pharetra felis sem vitae tortor. Curabitur bibendum vehicula dolor, nec accumsan tortor ultrices ac. Vivamus nec tristique orci. Nullam fringilla eros magna, vitae imperdiet nisl mattis et. Ut quis malesuada felis. Proin at dictum eros, eget sodales libero. Sed egestas tristique nisi et tempor. Ut cursus sapien eu pellentesque posuere. Etiam eleifend varius cursus.\n\nNullam viverra quam porta orci efficitur imperdiet. Quisque magna erat, dignissim nec velit sit amet, hendrerit mollis mauris. Mauris sapien magna, consectetur et vulputate a, iaculis eget nisi. Nunc est diam, aliquam quis turpis ac, porta mattis neque. Quisque consequat dolor sit amet velit commodo sagittis. Donec commodo pulvinar odio, ut gravida velit pellentesque vitae. Class aptent taciti sociosqu ad litora torquent per conubia nostra, per inceptos himenaeos.\n\nMorbi vulputate ante quis elit pretium, ut blandit felis aliquet. Aenean a massa a leo tristique malesuada. Curabitur posuere, elit sed consectetur blandit, massa mauris tristique ante, in faucibus elit justo quis nisi. Ut viverra est et arcu egestas fringilla. Mauris condimentum, lorem id viverra placerat, libero lacus ultricies est, id volutpat metus sapien non justo. Nulla facilisis, sapien ut vehicula tristique, mauris lectus porta massa, sit amet malesuada dolor justo id lectus. Suspendisse sit amet tempor ligula. Nam sit amet nisl non magna lacinia finibus eget nec augue. Aliquam ornare cursus dapibus. Lorem ipsum dolor sit amet, consectetur adipiscing elit.\n\nDonec ornare sem eget massa pharetra rhoncus. Donec tempor sapien at posuere porttitor. Morbi sodales efficitur felis eu scelerisque. Quisque ultrices nunc ut dignissim vehicula. Donec id imperdiet orci, sed porttitor turpis. Etiam volutpat elit sed justo lobortis, tincidunt imperdiet velit pretium. Ut convallis elit sapien, ac egestas ipsum finibus a. Morbi sed odio et dui tincidunt rhoncus tempor id turpis.\n\nProin fringilla consequat imperdiet. Ut accumsan velit ac augue sollicitudin porta. Phasellus finibus porttitor felis, a feugiat purus tempus vel. Etiam vitae vehicula ex. Praesent ut tellus tellus. Fusce felis nunc, congue ac leo in, elementum vulputate nisi. Duis diam nulla, consequat ac mauris quis, viverra gravida urna.\n\'','activo',NULL,NULL);

-- Posts-etiquetas
INSERT INTO platziblog.posts_etiquetas (`id`,`post_id`,`etiqueta_id`) VALUES (1,43,3);
INSERT INTO platziblog.posts_etiquetas (`id`,`post_id`,`etiqueta_id`) VALUES (2,43,11);
INSERT INTO platziblog.posts_etiquetas (`id`,`post_id`,`etiqueta_id`) VALUES (3,44,2);
INSERT INTO platziblog.posts_etiquetas (`id`,`post_id`,`etiqueta_id`) VALUES (4,44,4);
INSERT INTO platziblog.posts_etiquetas (`id`,`post_id`,`etiqueta_id`) VALUES (5,45,14);
INSERT INTO platziblog.posts_etiquetas (`id`,`post_id`,`etiqueta_id`) VALUES (6,45,13);
INSERT INTO platziblog.posts_etiquetas (`id`,`post_id`,`etiqueta_id`) VALUES (7,46,10);
INSERT INTO platziblog.posts_etiquetas (`id`,`post_id`,`etiqueta_id`) VALUES (8,46,11);
INSERT INTO platziblog.posts_etiquetas (`id`,`post_id`,`etiqueta_id`) VALUES (9,46,12);
INSERT INTO platziblog.posts_etiquetas (`id`,`post_id`,`etiqueta_id`) VALUES (10,46,20);
INSERT INTO platziblog.posts_etiquetas (`id`,`post_id`,`etiqueta_id`) VALUES (11,47,10);
INSERT INTO platziblog.posts_etiquetas (`id`,`post_id`,`etiqueta_id`) VALUES (12,48,1);
INSERT INTO platziblog.posts_etiquetas (`id`,`post_id`,`etiqueta_id`) VALUES (13,48,2);
INSERT INTO platziblog.posts_etiquetas (`id`,`post_id`,`etiqueta_id`) VALUES (14,48,4);
INSERT INTO platziblog.posts_etiquetas (`id`,`post_id`,`etiqueta_id`) VALUES (15,48,13);
INSERT INTO platziblog.posts_etiquetas (`id`,`post_id`,`etiqueta_id`) VALUES (16,49,13);
INSERT INTO platziblog.posts_etiquetas (`id`,`post_id`,`etiqueta_id`) VALUES (17,49,14);
INSERT INTO platziblog.posts_etiquetas (`id`,`post_id`,`etiqueta_id`) VALUES (18,49,17);
INSERT INTO platziblog.posts_etiquetas (`id`,`post_id`,`etiqueta_id`) VALUES (19,50,13);
INSERT INTO platziblog.posts_etiquetas (`id`,`post_id`,`etiqueta_id`) VALUES (20,50,14);
INSERT INTO platziblog.posts_etiquetas (`id`,`post_id`,`etiqueta_id`) VALUES (21,50,16);
INSERT INTO platziblog.posts_etiquetas (`id`,`post_id`,`etiqueta_id`) VALUES (22,51,7);
INSERT INTO platziblog.posts_etiquetas (`id`,`post_id`,`etiqueta_id`) VALUES (23,51,8);
INSERT INTO platziblog.posts_etiquetas (`id`,`post_id`,`etiqueta_id`) VALUES (24,51,9);
INSERT INTO platziblog.posts_etiquetas (`id`,`post_id`,`etiqueta_id`) VALUES (25,51,18);
INSERT INTO platziblog.posts_etiquetas (`id`,`post_id`,`etiqueta_id`) VALUES (26,52,8);
INSERT INTO platziblog.posts_etiquetas (`id`,`post_id`,`etiqueta_id`) VALUES (27,52,18);
INSERT INTO platziblog.posts_etiquetas (`id`,`post_id`,`etiqueta_id`) VALUES (28,53,7);
INSERT INTO platziblog.posts_etiquetas (`id`,`post_id`,`etiqueta_id`) VALUES (29,53,8);
INSERT INTO platziblog.posts_etiquetas (`id`,`post_id`,`etiqueta_id`) VALUES (30,54,4);
INSERT INTO platziblog.posts_etiquetas (`id`,`post_id`,`etiqueta_id`) VALUES (31,54,5);
INSERT INTO platziblog.posts_etiquetas (`id`,`post_id`,`etiqueta_id`) VALUES (32,55,5);
INSERT INTO platziblog.posts_etiquetas (`id`,`post_id`,`etiqueta_id`) VALUES (33,55,6);
INSERT INTO platziblog.posts_etiquetas (`id`,`post_id`,`etiqueta_id`) VALUES (34,56,5);
INSERT INTO platziblog.posts_etiquetas (`id`,`post_id`,`etiqueta_id`) VALUES (35,56,6);
INSERT INTO platziblog.posts_etiquetas (`id`,`post_id`,`etiqueta_id`) VALUES (36,56,10);
INSERT INTO platziblog.posts_etiquetas (`id`,`post_id`,`etiqueta_id`) VALUES (37,58,2);
INSERT INTO platziblog.posts_etiquetas (`id`,`post_id`,`etiqueta_id`) VALUES (38,58,3);
INSERT INTO platziblog.posts_etiquetas (`id`,`post_id`,`etiqueta_id`) VALUES (39,58,13);
INSERT INTO platziblog.posts_etiquetas (`id`,`post_id`,`etiqueta_id`) VALUES (40,59,1);
INSERT INTO platziblog.posts_etiquetas (`id`,`post_id`,`etiqueta_id`) VALUES (41,59,13);
INSERT INTO platziblog.posts_etiquetas (`id`,`post_id`,`etiqueta_id`) VALUES (42,57,10);
INSERT INTO platziblog.posts_etiquetas (`id`,`post_id`,`etiqueta_id`) VALUES (43,60,5);
INSERT INTO platziblog.posts_etiquetas (`id`,`post_id`,`etiqueta_id`) VALUES (44,60,6);
INSERT INTO platziblog.posts_etiquetas (`id`,`post_id`,`etiqueta_id`) VALUES (45,61,10);
INSERT INTO platziblog.posts_etiquetas (`id`,`post_id`,`etiqueta_id`) VALUES (46,61,12);
INSERT INTO platziblog.posts_etiquetas (`id`,`post_id`,`etiqueta_id`) VALUES (47,61,20);
INSERT INTO platziblog.posts_etiquetas (`id`,`post_id`,`etiqueta_id`) VALUES (48,62,5);
INSERT INTO platziblog.posts_etiquetas (`id`,`post_id`,`etiqueta_id`) VALUES (49,62,10);
INSERT INTO platziblog.posts_etiquetas (`id`,`post_id`,`etiqueta_id`) VALUES (50,63,13);
INSERT INTO platziblog.posts_etiquetas (`id`,`post_id`,`etiqueta_id`) VALUES (51,63,14);
INSERT INTO platziblog.posts_etiquetas (`id`,`post_id`,`etiqueta_id`) VALUES (52,63,17);
INSERT INTO platziblog.posts_etiquetas (`id`,`post_id`,`etiqueta_id`) VALUES (53,52,19);


-- Saber el total de registros que que hay en la tabla Posts
SELECT COUNT(*) AS numero_post
FROM posts;

-- El Left join lo que hace es traer los usuarios a un que no tengan posts (null)
SELECT *
FROM  usuarios
	LEFT JOIN posts ON usuarios.id = posts.usuario_id
WHERE posts.usuario_id IS NULL;
 
-- El Right join lo que hace es traer todos los posts a un que no esten asociados a un usuario
SELECT *
FROM  usuarios
	RIGHT JOIN posts ON usuarios.id = posts.usuario_id
WHERE posts.usuario_id is NULL;

-- El Inner join trae los datos ligados de las 2 tablas donde no son nulos
SELECT *
FROM  usuarios
		INNER JOIN posts ON usuarios.id = posts.usuario_id;

-- Ejemplo de OUTER JOIN para traer todos los usuarios que tienen algun campo nulo en alguno de los lados
SELECT *
FROM  usuarios
	LEFT JOIN posts ON usuarios.id = posts.usuario_id
UNION
SELECT *
FROM  usuarios
		RIGHT JOIN posts ON usuarios.id = posts.usuario_id;

-- Contrario del outer Join para devolver solo los que tienen campos nulos
 SELECT *
FROM  usuarios
	LEFT JOIN posts ON usuarios.id = posts.usuario_id
WHERE posts.usuario_id is NULL
UNION
SELECT *
FROM  usuarios
		RIGHT JOIN posts ON usuarios.id = posts.usuario_id   
WHERE posts.usuario_id IS NULL;


-- Ejemplo de Selects
SELECT *
FROM posts
WHERE id >50;

--
SELECT *
FROM posts
WHERE estatus='activo';

--
SELECT *
FROM posts
WHERE estatus!='activo';

-- 
SELECT *
FROM posts
WHERE id!=50;

-- Ejemplo de Like
SELECT *
FROM posts
WHERE titulo LIKE '%escandalo%';

--
SELECT *
FROM posts
WHERE titulo LIKE 'escandalo%';

--
SELECT *
FROM posts
WHERE titulo LIKE '%roja';

-- Ejempo de fechas
SELECT *
FROM posts
WHERE fecha_publicacion > '2025-01-01';

--
SELECT *
FROM posts
WHERE fecha_publicacion < '2025-01-01';

-- Ejemplo between
SELECT *
FROM posts
WHERE fecha_publicacion BETWEEN '2023-01-01' AND '2025-12-31';

--
SELECT *
FROM posts
WHERE ID BETWEEN 50 AND 60;

-- Ejemplo de year()
SELECT *
FROM posts
WHERE YEAR(fecha_publicacion) BETWEEN '2023' AND '2024';

-- Ejemplo de Month()
SELECT *
FROM posts
WHERE MONTH(fecha_publicacion)='04';


-- Ejemplo de  IS NULL
SELECT *
FROM posts
WHERE usuario_id IS NULL;

-- Ejemplo de NOT NULL
SELECT *
FROM posts
WHERE usuario_id IS NOT NULL;

-- Ejemplo AND
SELECT *
FROM posts
WHERE usuario_id IS NOT NULL
	AND estatus = 'activo'
    AND id <50
    AND categoria_id=2
    AND YEAR(fecha_publicacion)='2025';


-- Ejemplos de GROUP BY
SELECT estatus, COUNT(*)post_quantity
FROM posts
GROUP BY estatus;

--
SELECT estatus, COUNT(id)suma_id
FROM posts
GROUP BY estatus;

-- Saber cuantos posts se hicieron cada año
SELECT YEAR(fecha_publicacion) AS post_year, COUNT(*) AS post_quantity
FROM posts
GROUP BY post_year;

-- Saber cuantos posts se hicieron por mes
SELECT MONTHNAME(fecha_publicacion) AS post_month, COUNT(*) AS post_quantity
FROM posts
GROUP BY post_month;


-- Al a grupar por estatus y mes nos dice cuantos hay activos y inactivos en cada mes
SELECT estatus, MONTHNAME(fecha_publicacion) AS post_month, COUNT(*) AS post_quantity
FROM posts
GROUP BY estatus, post_month;


-- Ordenar por fecha de publicacion y de manera ascendente
SELECT * 
FROM posts
ORDER BY fecha_publicacion ASC;

-- Ordenar por fecha de publicacion y de manera descendente
SELECT * 
FROM posts
ORDER BY fecha_publicacion DESC;


-- Treae los 5 primeros post ordenados por fecha de publicacion descendiente
SELECT * 
FROM posts
ORDER BY fecha_publicacion DESC
LIMIT 5;

--
SELECT MONTHNAME(fecha_publicacion) AS post_month , estatus, COUNT(*) AS post_quantity
FROM posts
GROUP BY estatus, post_month
HAVING post_quantity > 2
ORDER BY post_month;




-- Ejemplo de nested query
-- se crea la tabla new_table projection como subconsulta
SELECT new_table_projection.date, COUNT(*) AS posts_count
FROM (
SELECT DATE(MIN(fecha_publicacion)) AS date, YEAR(fecha_publicacion) AS post_year
FROM posts
GROUP BY post_year
)AS new_table_projection
GROUP BY new_table_projection.date
ORDER BY new_table_projection.date;


-- Ejemplo de subconsulta para traer el post con la fecha de publicacion mas alta
SELECT *
FROM posts
WHERE fecha_publicacion = (
 SELECT MAX(fecha_publicacion)
 FROM posts
);



SELECT posts.titulo, COUNT(*)num_etiquetas
FROM posts
	INNER JOIN posts_etiquetas ON posts.id = posts_etiquetas.post_id
    INNER JOIN etiquetas ON etiquetas.id = posts_etiquetas.etiqueta_id
GROUP BY posts.id
ORDER BY num_etiquetas DESC;


SELECT posts.titulo, GROUP_CONCAT(nombre_etiqueta)
FROM posts
	INNER JOIN posts_etiquetas ON posts.id = posts_etiquetas.post_id
    INNER JOIN etiquetas ON etiquetas.id = posts_etiquetas.etiqueta_id
GROUP BY posts.id;


SELECT * 
FROM etiquetas
	LEFT JOIN posts_etiquetas ON etiquetas.id = posts_etiquetas.etiqueta_id
WHERE posts_etiquetas.etiqueta_id IS NULL;



SELECT c.nombre_categoria , COUNT(*) AS cant_posts
FROM categorias AS c
	INNER JOIN posts AS p ON c.id=p.categoria_id
GROUP BY c.id
ORDER BY cant_posts DESC;




SELECT u.nickname , COUNT(*) AS cant_posts
FROM usuarios AS u
	INNER JOIN posts AS p ON u.id=p.usuario_id
GROUP BY u.id
ORDER BY cant_posts DESC;


SELECT u.nickname , COUNT(*) AS cant_posts, GROUP_CONCAT(nombre_categoria)
FROM usuarios AS u
	INNER JOIN posts AS p ON u.id=p.usuario_id
    INNER JOIN categorias AS c ON c.id=p.categoria_id
GROUP BY u.id
ORDER BY cant_posts DESC;


SELECT *
FROM usuarios u
	LEFT JOIN posts ON u.id = posts.usuario_id
WHERE posts.usuario_id IS NULL;



/*
-- Insertar Datos ---
INSERT INTO people VALUES(null,'Caballero','Ismael','Mi Casa','Barcelona');
INSERT INTO people VALUES(null,'Bautista','Cristian','Su Casa','Terrassa');
INSERT INTO people VALUES(null,'Exposito','Gerard','Casa','Barcelona');
-- Otro Ejemplo de Insert--
INSERT INTO people (last_name,first_name,address,city) VALUES ('Montes','Agusti','Pueblo','Sabadell');


-- Ejemplo de crear una vista --
CREATE VIEW v_platzi_people AS
SELECT * FROM platziblog.people;

-- Añadir una columna --
ALTER TABLE people
ADD date_of_birth date;

-- Modificar una columna --
ALTER TABLE people
ALTER COLUMN date_of_birth year;

-- Eliminar una columna --
ALTER TABLE people
DROP COLUMN date_of_birth


-- Elimnar una tabla --
DROP TABLE people;

-- Eliminar una Base de datos --
DROP DATABASE platziblog;

--Modificar un registro 
UPDATE people SET last_name='Caballero Hernandez', city='Terrassa'
WHERE person_id = 1;

--Eliminar una registro 
DELETE FROM people
WHERE person_id=3;


*/


